{
	"BUILD_DIR" : "/home/daniel/KDE-Rounded-Corners/qt5build/kwin4_shapecorners_config_autogen",
	"CMAKE_BINARY_DIR" : "/home/daniel/KDE-Rounded-Corners/qt5build",
	"CMAKE_CURRENT_BINARY_DIR" : "/home/daniel/KDE-Rounded-Corners/qt5build",
	"CMAKE_CURRENT_SOURCE_DIR" : "/home/daniel/KDE-Rounded-Corners",
	"CMAKE_EXECUTABLE" : "/usr/bin/cmake",
	"CMAKE_LIST_FILES" : 
	[
		"/home/daniel/KDE-Rounded-Corners/CMakeLists.txt",
		"/usr/share/cmake-3.23/Modules/CMakeDetermineSystem.cmake",
		"/usr/share/cmake-3.23/Modules/CMakeSystem.cmake.in",
		"/home/daniel/KDE-Rounded-Corners/qt5build/CMakeFiles/3.23.2/CMakeSystem.cmake",
		"/usr/share/cmake-3.23/Modules/CMakeUnixFindMake.cmake",
		"/usr/share/cmake-3.23/Modules/CMakeSystemSpecificInitialize.cmake",
		"/usr/share/cmake-3.23/Modules/CMakeDetermineCCompiler.cmake",
		"/usr/share/cmake-3.23/Modules/CMakeDetermineCompiler.cmake",
		"/usr/share/cmake-3.23/Modules/CMakeDetermineCompilerId.cmake",
		"/usr/share/cmake-3.23/Modules/CMakeCompilerIdDetection.cmake",
		"/usr/share/cmake-3.23/Modules/Compiler/ADSP-DetermineCompiler.cmake",
		"/usr/share/cmake-3.23/Modules/Compiler/ARMCC-DetermineCompiler.cmake",
		"/usr/share/cmake-3.23/Modules/Compiler/ARMClang-DetermineCompiler.cmake",
		"/usr/share/cmake-3.23/Modules/Compiler/AppleClang-DetermineCompiler.cmake",
		"/usr/share/cmake-3.23/Modules/Compiler/Clang-DetermineCompilerInternal.cmake",
		"/usr/share/cmake-3.23/Modules/Compiler/Borland-DetermineCompiler.cmake",
		"/usr/share/cmake-3.23/Modules/Compiler/Bruce-C-DetermineCompiler.cmake",
		"/usr/share/cmake-3.23/Modules/Compiler/Clang-DetermineCompiler.cmake",
		"/usr/share/cmake-3.23/Modules/Compiler/Clang-DetermineCompilerInternal.cmake",
		"/usr/share/cmake-3.23/Modules/Compiler/Compaq-C-DetermineCompiler.cmake",
		"/usr/share/cmake-3.23/Modules/Compiler/Cray-DetermineCompiler.cmake",
		"/usr/share/cmake-3.23/Modules/Compiler/Embarcadero-DetermineCompiler.cmake",
		"/usr/share/cmake-3.23/Modules/Compiler/Fujitsu-DetermineCompiler.cmake",
		"/usr/share/cmake-3.23/Modules/Compiler/FujitsuClang-DetermineCompiler.cmake",
		"/usr/share/cmake-3.23/Modules/Compiler/GHS-DetermineCompiler.cmake",
		"/usr/share/cmake-3.23/Modules/Compiler/GNU-C-DetermineCompiler.cmake",
		"/usr/share/cmake-3.23/Modules/Compiler/HP-C-DetermineCompiler.cmake",
		"/usr/share/cmake-3.23/Modules/Compiler/IAR-DetermineCompiler.cmake",
		"/usr/share/cmake-3.23/Modules/Compiler/IBMClang-C-DetermineCompiler.cmake",
		"/usr/share/cmake-3.23/Modules/Compiler/Intel-DetermineCompiler.cmake",
		"/usr/share/cmake-3.23/Modules/Compiler/IntelLLVM-DetermineCompiler.cmake",
		"/usr/share/cmake-3.23/Modules/Compiler/LCC-C-DetermineCompiler.cmake",
		"/usr/share/cmake-3.23/Modules/Compiler/MSVC-DetermineCompiler.cmake",
		"/usr/share/cmake-3.23/Modules/Compiler/NVHPC-DetermineCompiler.cmake",
		"/usr/share/cmake-3.23/Modules/Compiler/NVIDIA-DetermineCompiler.cmake",
		"/usr/share/cmake-3.23/Modules/Compiler/OpenWatcom-DetermineCompiler.cmake",
		"/usr/share/cmake-3.23/Modules/Compiler/PGI-DetermineCompiler.cmake",
		"/usr/share/cmake-3.23/Modules/Compiler/PathScale-DetermineCompiler.cmake",
		"/usr/share/cmake-3.23/Modules/Compiler/SCO-DetermineCompiler.cmake",
		"/usr/share/cmake-3.23/Modules/Compiler/SDCC-C-DetermineCompiler.cmake",
		"/usr/share/cmake-3.23/Modules/Compiler/SunPro-C-DetermineCompiler.cmake",
		"/usr/share/cmake-3.23/Modules/Compiler/TI-DetermineCompiler.cmake",
		"/usr/share/cmake-3.23/Modules/Compiler/TinyCC-C-DetermineCompiler.cmake",
		"/usr/share/cmake-3.23/Modules/Compiler/VisualAge-C-DetermineCompiler.cmake",
		"/usr/share/cmake-3.23/Modules/Compiler/IBMCPP-C-DetermineVersionInternal.cmake",
		"/usr/share/cmake-3.23/Modules/Compiler/Watcom-DetermineCompiler.cmake",
		"/usr/share/cmake-3.23/Modules/Compiler/XL-C-DetermineCompiler.cmake",
		"/usr/share/cmake-3.23/Modules/Compiler/IBMCPP-C-DetermineVersionInternal.cmake",
		"/usr/share/cmake-3.23/Modules/Compiler/XLClang-C-DetermineCompiler.cmake",
		"/usr/share/cmake-3.23/Modules/Compiler/zOS-C-DetermineCompiler.cmake",
		"/usr/share/cmake-3.23/Modules/Compiler/IBMCPP-C-DetermineVersionInternal.cmake",
		"/usr/share/cmake-3.23/Modules/CMakeFindBinUtils.cmake",
		"/usr/share/cmake-3.23/Modules/Compiler/GNU-FindBinUtils.cmake",
		"/usr/share/cmake-3.23/Modules/CMakeCCompiler.cmake.in",
		"/home/daniel/KDE-Rounded-Corners/qt5build/CMakeFiles/3.23.2/CMakeCCompiler.cmake",
		"/usr/share/cmake-3.23/Modules/CMakeDetermineCXXCompiler.cmake",
		"/usr/share/cmake-3.23/Modules/CMakeDetermineCompiler.cmake",
		"/usr/share/cmake-3.23/Modules/Platform/Linux-Determine-CXX.cmake",
		"/usr/share/cmake-3.23/Modules/CMakeDetermineCompilerId.cmake",
		"/usr/share/cmake-3.23/Modules/CMakeCompilerIdDetection.cmake",
		"/usr/share/cmake-3.23/Modules/Compiler/ADSP-DetermineCompiler.cmake",
		"/usr/share/cmake-3.23/Modules/Compiler/ARMCC-DetermineCompiler.cmake",
		"/usr/share/cmake-3.23/Modules/Compiler/ARMClang-DetermineCompiler.cmake",
		"/usr/share/cmake-3.23/Modules/Compiler/AppleClang-DetermineCompiler.cmake",
		"/usr/share/cmake-3.23/Modules/Compiler/Clang-DetermineCompilerInternal.cmake",
		"/usr/share/cmake-3.23/Modules/Compiler/Borland-DetermineCompiler.cmake",
		"/usr/share/cmake-3.23/Modules/Compiler/Clang-DetermineCompiler.cmake",
		"/usr/share/cmake-3.23/Modules/Compiler/Clang-DetermineCompilerInternal.cmake",
		"/usr/share/cmake-3.23/Modules/Compiler/Comeau-CXX-DetermineCompiler.cmake",
		"/usr/share/cmake-3.23/Modules/Compiler/Compaq-CXX-DetermineCompiler.cmake",
		"/usr/share/cmake-3.23/Modules/Compiler/Cray-DetermineCompiler.cmake",
		"/usr/share/cmake-3.23/Modules/Compiler/Embarcadero-DetermineCompiler.cmake",
		"/usr/share/cmake-3.23/Modules/Compiler/Fujitsu-DetermineCompiler.cmake",
		"/usr/share/cmake-3.23/Modules/Compiler/FujitsuClang-DetermineCompiler.cmake",
		"/usr/share/cmake-3.23/Modules/Compiler/GHS-DetermineCompiler.cmake",
		"/usr/share/cmake-3.23/Modules/Compiler/GNU-CXX-DetermineCompiler.cmake",
		"/usr/share/cmake-3.23/Modules/Compiler/HP-CXX-DetermineCompiler.cmake",
		"/usr/share/cmake-3.23/Modules/Compiler/IAR-DetermineCompiler.cmake",
		"/usr/share/cmake-3.23/Modules/Compiler/IBMClang-CXX-DetermineCompiler.cmake",
		"/usr/share/cmake-3.23/Modules/Compiler/Intel-DetermineCompiler.cmake",
		"/usr/share/cmake-3.23/Modules/Compiler/IntelLLVM-DetermineCompiler.cmake",
		"/usr/share/cmake-3.23/Modules/Compiler/LCC-CXX-DetermineCompiler.cmake",
		"/usr/share/cmake-3.23/Modules/Compiler/MSVC-DetermineCompiler.cmake",
		"/usr/share/cmake-3.23/Modules/Compiler/NVHPC-DetermineCompiler.cmake",
		"/usr/share/cmake-3.23/Modules/Compiler/NVIDIA-DetermineCompiler.cmake",
		"/usr/share/cmake-3.23/Modules/Compiler/OpenWatcom-DetermineCompiler.cmake",
		"/usr/share/cmake-3.23/Modules/Compiler/PGI-DetermineCompiler.cmake",
		"/usr/share/cmake-3.23/Modules/Compiler/PathScale-DetermineCompiler.cmake",
		"/usr/share/cmake-3.23/Modules/Compiler/SCO-DetermineCompiler.cmake",
		"/usr/share/cmake-3.23/Modules/Compiler/SunPro-CXX-DetermineCompiler.cmake",
		"/usr/share/cmake-3.23/Modules/Compiler/TI-DetermineCompiler.cmake",
		"/usr/share/cmake-3.23/Modules/Compiler/VisualAge-CXX-DetermineCompiler.cmake",
		"/usr/share/cmake-3.23/Modules/Compiler/IBMCPP-CXX-DetermineVersionInternal.cmake",
		"/usr/share/cmake-3.23/Modules/Compiler/Watcom-DetermineCompiler.cmake",
		"/usr/share/cmake-3.23/Modules/Compiler/XL-CXX-DetermineCompiler.cmake",
		"/usr/share/cmake-3.23/Modules/Compiler/IBMCPP-CXX-DetermineVersionInternal.cmake",
		"/usr/share/cmake-3.23/Modules/Compiler/XLClang-CXX-DetermineCompiler.cmake",
		"/usr/share/cmake-3.23/Modules/Compiler/zOS-CXX-DetermineCompiler.cmake",
		"/usr/share/cmake-3.23/Modules/Compiler/IBMCPP-CXX-DetermineVersionInternal.cmake",
		"/usr/share/cmake-3.23/Modules/CMakeFindBinUtils.cmake",
		"/usr/share/cmake-3.23/Modules/Compiler/GNU-FindBinUtils.cmake",
		"/usr/share/cmake-3.23/Modules/CMakeCXXCompiler.cmake.in",
		"/home/daniel/KDE-Rounded-Corners/qt5build/CMakeFiles/3.23.2/CMakeCXXCompiler.cmake",
		"/usr/share/cmake-3.23/Modules/CMakeSystemSpecificInformation.cmake",
		"/usr/share/cmake-3.23/Modules/CMakeGenericSystem.cmake",
		"/usr/share/cmake-3.23/Modules/CMakeInitializeConfigs.cmake",
		"/usr/share/cmake-3.23/Modules/Platform/Linux.cmake",
		"/usr/share/cmake-3.23/Modules/Platform/UnixPaths.cmake",
		"/usr/share/cmake-3.23/Modules/CMakeCInformation.cmake",
		"/usr/share/cmake-3.23/Modules/CMakeLanguageInformation.cmake",
		"/usr/share/cmake-3.23/Modules/Compiler/GNU-C.cmake",
		"/usr/share/cmake-3.23/Modules/Compiler/GNU.cmake",
		"/usr/share/cmake-3.23/Modules/Compiler/CMakeCommonCompilerMacros.cmake",
		"/usr/share/cmake-3.23/Modules/Platform/Linux-GNU-C.cmake",
		"/usr/share/cmake-3.23/Modules/Platform/Linux-GNU.cmake",
		"/usr/share/cmake-3.23/Modules/CMakeCommonLanguageInclude.cmake",
		"/usr/share/cmake-3.23/Modules/CMakeTestCCompiler.cmake",
		"/usr/share/cmake-3.23/Modules/CMakeTestCompilerCommon.cmake",
		"/usr/share/cmake-3.23/Modules/CMakeDetermineCompilerABI.cmake",
		"/usr/share/cmake-3.23/Modules/CMakeParseImplicitIncludeInfo.cmake",
		"/usr/share/cmake-3.23/Modules/CMakeParseImplicitLinkInfo.cmake",
		"/usr/share/cmake-3.23/Modules/CMakeParseLibraryArchitecture.cmake",
		"/usr/share/cmake-3.23/Modules/CMakeTestCompilerCommon.cmake",
		"/usr/share/cmake-3.23/Modules/CMakeCCompilerABI.c",
		"/usr/share/cmake-3.23/Modules/CMakeDetermineCompileFeatures.cmake",
		"/usr/share/cmake-3.23/Modules/Internal/FeatureTesting.cmake",
		"/usr/share/cmake-3.23/Modules/CMakeCCompiler.cmake.in",
		"/home/daniel/KDE-Rounded-Corners/qt5build/CMakeFiles/3.23.2/CMakeCCompiler.cmake",
		"/usr/share/cmake-3.23/Modules/CMakeCXXInformation.cmake",
		"/usr/share/cmake-3.23/Modules/CMakeLanguageInformation.cmake",
		"/usr/share/cmake-3.23/Modules/Compiler/GNU-CXX.cmake",
		"/usr/share/cmake-3.23/Modules/Compiler/GNU.cmake",
		"/usr/share/cmake-3.23/Modules/Platform/Linux-GNU-CXX.cmake",
		"/usr/share/cmake-3.23/Modules/Platform/Linux-GNU.cmake",
		"/usr/share/cmake-3.23/Modules/CMakeCommonLanguageInclude.cmake",
		"/usr/share/cmake-3.23/Modules/CMakeTestCXXCompiler.cmake",
		"/usr/share/cmake-3.23/Modules/CMakeTestCompilerCommon.cmake",
		"/usr/share/cmake-3.23/Modules/CMakeDetermineCompilerABI.cmake",
		"/usr/share/cmake-3.23/Modules/CMakeParseImplicitIncludeInfo.cmake",
		"/usr/share/cmake-3.23/Modules/CMakeParseImplicitLinkInfo.cmake",
		"/usr/share/cmake-3.23/Modules/CMakeParseLibraryArchitecture.cmake",
		"/usr/share/cmake-3.23/Modules/CMakeTestCompilerCommon.cmake",
		"/usr/share/cmake-3.23/Modules/CMakeCXXCompilerABI.cpp",
		"/usr/share/cmake-3.23/Modules/CMakeDetermineCompileFeatures.cmake",
		"/usr/share/cmake-3.23/Modules/Internal/FeatureTesting.cmake",
		"/usr/share/cmake-3.23/Modules/CMakeCXXCompiler.cmake.in",
		"/home/daniel/KDE-Rounded-Corners/qt5build/CMakeFiles/3.23.2/CMakeCXXCompiler.cmake",
		"/usr/share/ECM/cmake/ECMConfigVersion.cmake",
		"/usr/share/ECM/cmake/ECMConfig.cmake",
		"/usr/share/ECM/modules/ECMUseFindModules.cmake",
		"/usr/share/cmake-3.23/Modules/CMakeParseArguments.cmake",
		"/usr/lib/x86_64-linux-gnu/cmake/Qt5/Qt5ConfigVersion.cmake",
		"/usr/lib/x86_64-linux-gnu/cmake/Qt5/Qt5Config.cmake",
		"/usr/lib/x86_64-linux-gnu/cmake/Qt5/Qt5ModuleLocation.cmake",
		"/usr/lib/x86_64-linux-gnu/cmake/Qt5Gui/Qt5GuiConfigVersion.cmake",
		"/usr/lib/x86_64-linux-gnu/cmake/Qt5Gui/Qt5GuiConfig.cmake",
		"/usr/lib/x86_64-linux-gnu/cmake/Qt5Core/Qt5CoreConfigVersion.cmake",
		"/usr/lib/x86_64-linux-gnu/cmake/Qt5Core/Qt5CoreConfig.cmake",
		"/usr/lib/x86_64-linux-gnu/cmake/Qt5Core/Qt5CoreConfigExtras.cmake",
		"/usr/lib/x86_64-linux-gnu/cmake/Qt5Core/Qt5CoreConfigExtrasMkspecDir.cmake",
		"/usr/lib/x86_64-linux-gnu/cmake/Qt5Core/Qt5CoreMacros.cmake",
		"/usr/share/cmake-3.23/Modules/CMakeParseArguments.cmake",
		"/usr/lib/x86_64-linux-gnu/cmake/Qt5Gui/Qt5Gui_QComposePlatformInputContextPlugin.cmake",
		"/usr/lib/x86_64-linux-gnu/cmake/Qt5Gui/Qt5Gui_QEglFSEmulatorIntegrationPlugin.cmake",
		"/usr/lib/x86_64-linux-gnu/cmake/Qt5Gui/Qt5Gui_QEglFSIntegrationPlugin.cmake",
		"/usr/lib/x86_64-linux-gnu/cmake/Qt5Gui/Qt5Gui_QEglFSKmsEglDeviceIntegrationPlugin.cmake",
		"/usr/lib/x86_64-linux-gnu/cmake/Qt5Gui/Qt5Gui_QEglFSKmsGbmIntegrationPlugin.cmake",
		"/usr/lib/x86_64-linux-gnu/cmake/Qt5Gui/Qt5Gui_QEglFSX11IntegrationPlugin.cmake",
		"/usr/lib/x86_64-linux-gnu/cmake/Qt5Gui/Qt5Gui_QEvdevKeyboardPlugin.cmake",
		"/usr/lib/x86_64-linux-gnu/cmake/Qt5Gui/Qt5Gui_QEvdevMousePlugin.cmake",
		"/usr/lib/x86_64-linux-gnu/cmake/Qt5Gui/Qt5Gui_QEvdevTabletPlugin.cmake",
		"/usr/lib/x86_64-linux-gnu/cmake/Qt5Gui/Qt5Gui_QEvdevTouchScreenPlugin.cmake",
		"/usr/lib/x86_64-linux-gnu/cmake/Qt5Gui/Qt5Gui_QGifPlugin.cmake",
		"/usr/lib/x86_64-linux-gnu/cmake/Qt5Gui/Qt5Gui_QICOPlugin.cmake",
		"/usr/lib/x86_64-linux-gnu/cmake/Qt5Gui/Qt5Gui_QIbusPlatformInputContextPlugin.cmake",
		"/usr/lib/x86_64-linux-gnu/cmake/Qt5Gui/Qt5Gui_QJpegPlugin.cmake",
		"/usr/lib/x86_64-linux-gnu/cmake/Qt5Gui/Qt5Gui_QLibInputPlugin.cmake",
		"/usr/lib/x86_64-linux-gnu/cmake/Qt5Gui/Qt5Gui_QLinuxFbIntegrationPlugin.cmake",
		"/usr/lib/x86_64-linux-gnu/cmake/Qt5Gui/Qt5Gui_QMinimalEglIntegrationPlugin.cmake",
		"/usr/lib/x86_64-linux-gnu/cmake/Qt5Gui/Qt5Gui_QMinimalIntegrationPlugin.cmake",
		"/usr/lib/x86_64-linux-gnu/cmake/Qt5Gui/Qt5Gui_QOffscreenIntegrationPlugin.cmake",
		"/usr/lib/x86_64-linux-gnu/cmake/Qt5Gui/Qt5Gui_QTuioTouchPlugin.cmake",
		"/usr/lib/x86_64-linux-gnu/cmake/Qt5Gui/Qt5Gui_QVncIntegrationPlugin.cmake",
		"/usr/lib/x86_64-linux-gnu/cmake/Qt5Gui/Qt5Gui_QXcbEglIntegrationPlugin.cmake",
		"/usr/lib/x86_64-linux-gnu/cmake/Qt5Gui/Qt5Gui_QXcbGlxIntegrationPlugin.cmake",
		"/usr/lib/x86_64-linux-gnu/cmake/Qt5Gui/Qt5Gui_QXcbIntegrationPlugin.cmake",
		"/usr/lib/x86_64-linux-gnu/cmake/Qt5Gui/Qt5GuiConfigExtras.cmake",
		"/usr/lib/x86_64-linux-gnu/cmake/Qt5Core/Qt5CoreConfigVersion.cmake",
		"/usr/lib/x86_64-linux-gnu/cmake/Qt5Core/Qt5CoreConfig.cmake",
		"/usr/lib/x86_64-linux-gnu/cmake/Qt5DBus/Qt5DBusConfigVersion.cmake",
		"/usr/lib/x86_64-linux-gnu/cmake/Qt5DBus/Qt5DBusConfig.cmake",
		"/usr/lib/x86_64-linux-gnu/cmake/Qt5DBus/Qt5DBusConfigExtras.cmake",
		"/usr/lib/x86_64-linux-gnu/cmake/Qt5DBus/Qt5DBusMacros.cmake",
		"/usr/share/cmake-3.23/Modules/MacroAddFileDependencies.cmake",
		"/usr/share/cmake-3.23/Modules/CMakeParseArguments.cmake",
		"/usr/lib/x86_64-linux-gnu/cmake/Qt5UiTools/Qt5UiToolsConfigVersion.cmake",
		"/usr/lib/x86_64-linux-gnu/cmake/Qt5UiTools/Qt5UiToolsConfig.cmake",
		"/usr/lib/x86_64-linux-gnu/cmake/Qt5Widgets/Qt5WidgetsConfigVersion.cmake",
		"/usr/lib/x86_64-linux-gnu/cmake/Qt5Widgets/Qt5WidgetsConfig.cmake",
		"/usr/lib/x86_64-linux-gnu/cmake/Qt5Widgets/Qt5WidgetsConfigExtras.cmake",
		"/usr/lib/x86_64-linux-gnu/cmake/Qt5Widgets/Qt5WidgetsMacros.cmake",
		"/usr/share/cmake-3.23/Modules/CMakeParseArguments.cmake",
		"/usr/share/cmake-3.23/Modules/FindThreads.cmake",
		"/usr/share/cmake-3.23/Modules/CheckLibraryExists.cmake",
		"/usr/share/cmake-3.23/Modules/CheckIncludeFile.cmake",
		"/usr/share/cmake-3.23/Modules/CheckCSourceCompiles.cmake",
		"/usr/share/cmake-3.23/Modules/Internal/CheckSourceCompiles.cmake",
		"/usr/share/cmake-3.23/Modules/CheckIncludeFile.c.in",
		"/usr/share/cmake-3.23/Modules/CheckFunctionExists.c",
		"/usr/share/cmake-3.23/Modules/CheckFunctionExists.c",
		"/usr/share/cmake-3.23/Modules/FindPackageHandleStandardArgs.cmake",
		"/usr/share/cmake-3.23/Modules/FindPackageMessage.cmake",
		"/usr/lib/x86_64-linux-gnu/cmake/Qt5Widgets/Qt5WidgetsConfigVersion.cmake",
		"/usr/lib/x86_64-linux-gnu/cmake/Qt5Widgets/Qt5WidgetsConfig.cmake",
		"/usr/lib/x86_64-linux-gnu/cmake/Qt5X11Extras/Qt5X11ExtrasConfigVersion.cmake",
		"/usr/lib/x86_64-linux-gnu/cmake/Qt5X11Extras/Qt5X11ExtrasConfig.cmake",
		"/usr/lib/x86_64-linux-gnu/cmake/Qt5OpenGL/Qt5OpenGLConfigVersion.cmake",
		"/usr/lib/x86_64-linux-gnu/cmake/Qt5OpenGL/Qt5OpenGLConfig.cmake",
		"/usr/lib/x86_64-linux-gnu/cmake/Qt5Network/Qt5NetworkConfigVersion.cmake",
		"/usr/lib/x86_64-linux-gnu/cmake/Qt5Network/Qt5NetworkConfig.cmake",
		"/usr/lib/x86_64-linux-gnu/cmake/Qt5Network/Qt5Network_QConnmanEnginePlugin.cmake",
		"/usr/lib/x86_64-linux-gnu/cmake/Qt5Network/Qt5Network_QGenericEnginePlugin.cmake",
		"/usr/lib/x86_64-linux-gnu/cmake/Qt5Network/Qt5Network_QNetworkManagerEnginePlugin.cmake",
		"/usr/lib/x86_64-linux-gnu/cmake/Qt5Xml/Qt5XmlConfigVersion.cmake",
		"/usr/lib/x86_64-linux-gnu/cmake/Qt5Xml/Qt5XmlConfig.cmake",
		"/usr/share/ECM/kde-modules/KDEInstallDirs.cmake",
		"/usr/share/ECM/modules/QtVersionOption.cmake",
		"/usr/share/ECM/kde-modules/KDEInstallDirs5.cmake",
		"/usr/share/ECM/kde-modules/KDEInstallDirsCommon.cmake",
		"/usr/share/ECM/modules/ECMQueryQt.cmake",
		"/usr/share/ECM/modules/QtVersionOption.cmake",
		"/usr/share/cmake-3.23/Modules/CheckLanguage.cmake",
		"/usr/lib/x86_64-linux-gnu/cmake/Qt5Core/Qt5CoreConfigVersion.cmake",
		"/usr/lib/x86_64-linux-gnu/cmake/Qt5Core/Qt5CoreConfig.cmake",
		"/usr/share/ECM/kde-modules/KDESetupPrefixScript.cmake",
		"/usr/share/ECM/kde-modules/prefix.sh.cmake",
		"/usr/share/ECM/kde-modules/KDECMakeSettings.cmake",
		"/usr/share/ECM/modules/ECMUninstallTarget.cmake",
		"/usr/share/ECM/modules/ecm_uninstall.cmake.in",
		"/usr/share/ECM/kde-modules/KDECompilerSettings.cmake",
		"/usr/share/ECM/modules/ECMSourceVersionControl.cmake",
		"/usr/share/cmake-3.23/Modules/CheckSymbolExists.cmake",
		"/usr/share/cmake-3.23/Modules/CMakeConfigurableFile.in",
		"/usr/share/cmake-3.23/Modules/CheckCXXSourceCompiles.cmake",
		"/usr/share/cmake-3.23/Modules/Internal/CheckSourceCompiles.cmake",
		"/usr/share/cmake-3.23/Modules/CheckCXXCompilerFlag.cmake",
		"/usr/share/cmake-3.23/Modules/CheckCXXSourceCompiles.cmake",
		"/usr/share/cmake-3.23/Modules/Internal/CheckCompilerFlag.cmake",
		"/usr/share/cmake-3.23/Modules/Internal/CheckFlagCommonConfig.cmake",
		"/usr/share/cmake-3.23/Modules/Internal/CheckSourceCompiles.cmake",
		"/usr/share/cmake-3.23/Modules/CMakeCheckCompilerFlagCommonPatterns.cmake",
		"/usr/share/ECM/modules/ECMEnableSanitizers.cmake",
		"/usr/share/ECM/modules/ECMCoverageOption.cmake",
		"/usr/share/ECM/find-modules/FindKF5.cmake",
		"/usr/share/ECM/find-modules/ECMFindModuleHelpersStub.cmake",
		"/usr/share/ECM/modules/ECMFindModuleHelpers.cmake",
		"/usr/share/cmake-3.23/Modules/CMakeParseArguments.cmake",
		"/usr/share/cmake-3.23/Modules/FindPackageHandleStandardArgs.cmake",
		"/usr/share/cmake-3.23/Modules/FindPackageMessage.cmake",
		"/usr/share/cmake-3.23/Modules/FeatureSummary.cmake",
		"/usr/lib/x86_64-linux-gnu/cmake/KF5Config/KF5ConfigConfigVersion.cmake",
		"/usr/lib/x86_64-linux-gnu/cmake/KF5Config/KF5ConfigConfig.cmake",
		"/usr/lib/x86_64-linux-gnu/cmake/KF5Config/KF5ConfigTargets.cmake",
		"/usr/lib/x86_64-linux-gnu/cmake/KF5Config/KF5ConfigTargets-none.cmake",
		"/usr/lib/x86_64-linux-gnu/cmake/KF5Config/KF5ConfigQchTargets.cmake",
		"/usr/share/cmake-3.23/Modules/CMakeFindDependencyMacro.cmake",
		"/usr/lib/x86_64-linux-gnu/cmake/Qt5Xml/Qt5XmlConfigVersion.cmake",
		"/usr/lib/x86_64-linux-gnu/cmake/Qt5Xml/Qt5XmlConfig.cmake",
		"/usr/lib/x86_64-linux-gnu/cmake/Qt5DBus/Qt5DBusConfigVersion.cmake",
		"/usr/lib/x86_64-linux-gnu/cmake/Qt5DBus/Qt5DBusConfig.cmake",
		"/usr/lib/x86_64-linux-gnu/cmake/KF5Config/KF5ConfigCompilerTargets.cmake",
		"/usr/lib/x86_64-linux-gnu/cmake/KF5Config/KF5ConfigCompilerTargets-none.cmake",
		"/usr/lib/x86_64-linux-gnu/cmake/KF5Config/KF5ConfigMacros.cmake",
		"/usr/share/cmake-3.23/Modules/CMakeParseArguments.cmake",
		"/usr/lib/x86_64-linux-gnu/cmake/KF5ConfigWidgets/KF5ConfigWidgetsConfigVersion.cmake",
		"/usr/lib/x86_64-linux-gnu/cmake/KF5ConfigWidgets/KF5ConfigWidgetsConfig.cmake",
		"/usr/share/cmake-3.23/Modules/CMakeFindDependencyMacro.cmake",
		"/usr/lib/x86_64-linux-gnu/cmake/KF5Auth/KF5AuthConfigVersion.cmake",
		"/usr/lib/x86_64-linux-gnu/cmake/KF5Auth/KF5AuthConfig.cmake",
		"/usr/share/cmake-3.23/Modules/CMakeFindDependencyMacro.cmake",
		"/usr/lib/x86_64-linux-gnu/cmake/KF5CoreAddons/KF5CoreAddonsConfigVersion.cmake",
		"/usr/lib/x86_64-linux-gnu/cmake/KF5CoreAddons/KF5CoreAddonsConfig.cmake",
		"/usr/share/cmake-3.23/Modules/CMakeFindDependencyMacro.cmake",
		"/usr/lib/x86_64-linux-gnu/cmake/Qt5Core/Qt5CoreConfigVersion.cmake",
		"/usr/lib/x86_64-linux-gnu/cmake/Qt5Core/Qt5CoreConfig.cmake",
		"/usr/lib/x86_64-linux-gnu/cmake/KF5CoreAddons/KF5CoreAddonsToolingTargets.cmake",
		"/usr/lib/x86_64-linux-gnu/cmake/KF5CoreAddons/KF5CoreAddonsToolingTargets-debian.cmake",
		"/usr/lib/x86_64-linux-gnu/cmake/KF5CoreAddons/KF5CoreAddonsTargets.cmake",
		"/usr/lib/x86_64-linux-gnu/cmake/KF5CoreAddons/KF5CoreAddonsTargets-debian.cmake",
		"/usr/lib/x86_64-linux-gnu/cmake/KF5CoreAddons/KF5CoreAddonsMacros.cmake",
		"/usr/lib/x86_64-linux-gnu/cmake/KF5CoreAddons/KF5CoreAddonsQchTargets.cmake",
		"/usr/lib/x86_64-linux-gnu/cmake/KF5Auth/KF5AuthTargets.cmake",
		"/usr/lib/x86_64-linux-gnu/cmake/KF5Auth/KF5AuthTargets-debian.cmake",
		"/usr/lib/x86_64-linux-gnu/cmake/KF5Auth/KF5AuthQchTargets.cmake",
		"/usr/lib/x86_64-linux-gnu/cmake/KF5Auth/KF5AuthMacros.cmake",
		"/usr/lib/x86_64-linux-gnu/cmake/KF5Auth/KF5AuthToolsTargets.cmake",
		"/usr/lib/x86_64-linux-gnu/cmake/KF5Auth/KF5AuthToolsTargets-debian.cmake",
		"/usr/lib/x86_64-linux-gnu/cmake/KF5Codecs/KF5CodecsConfigVersion.cmake",
		"/usr/lib/x86_64-linux-gnu/cmake/KF5Codecs/KF5CodecsConfig.cmake",
		"/usr/share/cmake-3.23/Modules/CMakeFindDependencyMacro.cmake",
		"/usr/lib/x86_64-linux-gnu/cmake/Qt5Core/Qt5CoreConfigVersion.cmake",
		"/usr/lib/x86_64-linux-gnu/cmake/Qt5Core/Qt5CoreConfig.cmake",
		"/usr/lib/x86_64-linux-gnu/cmake/KF5Codecs/KF5CodecsTargets.cmake",
		"/usr/lib/x86_64-linux-gnu/cmake/KF5Codecs/KF5CodecsTargets-debian.cmake",
		"/usr/lib/x86_64-linux-gnu/cmake/KF5Codecs/KF5CodecsQchTargets.cmake",
		"/usr/lib/x86_64-linux-gnu/cmake/KF5Config/KF5ConfigConfigVersion.cmake",
		"/usr/lib/x86_64-linux-gnu/cmake/KF5Config/KF5ConfigConfig.cmake",
		"/usr/lib/x86_64-linux-gnu/cmake/KF5Config/KF5ConfigTargets.cmake",
		"/usr/lib/x86_64-linux-gnu/cmake/KF5Config/KF5ConfigQchTargets.cmake",
		"/usr/share/cmake-3.23/Modules/CMakeFindDependencyMacro.cmake",
		"/usr/lib/x86_64-linux-gnu/cmake/Qt5Xml/Qt5XmlConfigVersion.cmake",
		"/usr/lib/x86_64-linux-gnu/cmake/Qt5Xml/Qt5XmlConfig.cmake",
		"/usr/lib/x86_64-linux-gnu/cmake/Qt5DBus/Qt5DBusConfigVersion.cmake",
		"/usr/lib/x86_64-linux-gnu/cmake/Qt5DBus/Qt5DBusConfig.cmake",
		"/usr/lib/x86_64-linux-gnu/cmake/KF5Config/KF5ConfigCompilerTargets.cmake",
		"/usr/lib/x86_64-linux-gnu/cmake/KF5Config/KF5ConfigMacros.cmake",
		"/usr/share/cmake-3.23/Modules/CMakeParseArguments.cmake",
		"/usr/lib/x86_64-linux-gnu/cmake/KF5WidgetsAddons/KF5WidgetsAddonsConfigVersion.cmake",
		"/usr/lib/x86_64-linux-gnu/cmake/KF5WidgetsAddons/KF5WidgetsAddonsConfig.cmake",
		"/usr/share/cmake-3.23/Modules/CMakeFindDependencyMacro.cmake",
		"/usr/lib/x86_64-linux-gnu/cmake/Qt5Widgets/Qt5WidgetsConfigVersion.cmake",
		"/usr/lib/x86_64-linux-gnu/cmake/Qt5Widgets/Qt5WidgetsConfig.cmake",
		"/usr/lib/x86_64-linux-gnu/cmake/KF5WidgetsAddons/KF5WidgetsAddonsTargets.cmake",
		"/usr/lib/x86_64-linux-gnu/cmake/KF5WidgetsAddons/KF5WidgetsAddonsTargets-none.cmake",
		"/usr/lib/x86_64-linux-gnu/cmake/KF5WidgetsAddons/KF5WidgetsAddonsQchTargets.cmake",
		"/usr/lib/x86_64-linux-gnu/cmake/KF5ConfigWidgets/KF5ConfigWidgetsTargets.cmake",
		"/usr/lib/x86_64-linux-gnu/cmake/KF5ConfigWidgets/KF5ConfigWidgetsTargets-debian.cmake",
		"/usr/lib/x86_64-linux-gnu/cmake/KF5ConfigWidgets/KF5ConfigWidgetsQchTargets.cmake",
		"/usr/lib/x86_64-linux-gnu/cmake/KF5CoreAddons/KF5CoreAddonsConfigVersion.cmake",
		"/usr/lib/x86_64-linux-gnu/cmake/KF5CoreAddons/KF5CoreAddonsConfig.cmake",
		"/usr/share/cmake-3.23/Modules/CMakeFindDependencyMacro.cmake",
		"/usr/lib/x86_64-linux-gnu/cmake/Qt5Core/Qt5CoreConfigVersion.cmake",
		"/usr/lib/x86_64-linux-gnu/cmake/Qt5Core/Qt5CoreConfig.cmake",
		"/usr/lib/x86_64-linux-gnu/cmake/KF5CoreAddons/KF5CoreAddonsToolingTargets.cmake",
		"/usr/lib/x86_64-linux-gnu/cmake/KF5CoreAddons/KF5CoreAddonsTargets.cmake",
		"/usr/lib/x86_64-linux-gnu/cmake/KF5CoreAddons/KF5CoreAddonsMacros.cmake",
		"/usr/lib/x86_64-linux-gnu/cmake/KF5CoreAddons/KF5CoreAddonsQchTargets.cmake",
		"/usr/lib/x86_64-linux-gnu/cmake/KF5GlobalAccel/KF5GlobalAccelConfigVersion.cmake",
		"/usr/lib/x86_64-linux-gnu/cmake/KF5GlobalAccel/KF5GlobalAccelConfig.cmake",
		"/usr/share/cmake-3.23/Modules/CMakeFindDependencyMacro.cmake",
		"/usr/lib/x86_64-linux-gnu/cmake/Qt5DBus/Qt5DBusConfigVersion.cmake",
		"/usr/lib/x86_64-linux-gnu/cmake/Qt5DBus/Qt5DBusConfig.cmake",
		"/usr/lib/x86_64-linux-gnu/cmake/Qt5Widgets/Qt5WidgetsConfigVersion.cmake",
		"/usr/lib/x86_64-linux-gnu/cmake/Qt5Widgets/Qt5WidgetsConfig.cmake",
		"/usr/lib/x86_64-linux-gnu/cmake/KF5GlobalAccel/KF5GlobalAccelTargets.cmake",
		"/usr/lib/x86_64-linux-gnu/cmake/KF5GlobalAccel/KF5GlobalAccelTargets-none.cmake",
		"/usr/lib/x86_64-linux-gnu/cmake/KF5GlobalAccel/KF5GlobalAccelQchTargets.cmake",
		"/usr/lib/x86_64-linux-gnu/cmake/KF5I18n/KF5I18nConfigVersion.cmake",
		"/usr/lib/x86_64-linux-gnu/cmake/KF5I18n/KF5I18nConfig.cmake",
		"/usr/share/cmake-3.23/Modules/CMakeFindDependencyMacro.cmake",
		"/usr/lib/x86_64-linux-gnu/cmake/Qt5Core/Qt5CoreConfigVersion.cmake",
		"/usr/lib/x86_64-linux-gnu/cmake/Qt5Core/Qt5CoreConfig.cmake",
		"/usr/lib/x86_64-linux-gnu/cmake/KF5I18n/KF5I18nTargets.cmake",
		"/usr/lib/x86_64-linux-gnu/cmake/KF5I18n/KF5I18nTargets-debian.cmake",
		"/usr/lib/x86_64-linux-gnu/cmake/KF5I18n/KF5I18nQchTargets.cmake",
		"/usr/lib/x86_64-linux-gnu/cmake/KF5I18n/KF5I18nMacros.cmake",
		"/usr/share/cmake-3.23/Modules/FindGettext.cmake",
		"/usr/share/cmake-3.23/Modules/FindPackageHandleStandardArgs.cmake",
		"/usr/share/cmake-3.23/Modules/FindPackageMessage.cmake",
		"/usr/lib/x86_64-linux-gnu/cmake/KF5WindowSystem/KF5WindowSystemConfigVersion.cmake",
		"/usr/lib/x86_64-linux-gnu/cmake/KF5WindowSystem/KF5WindowSystemConfig.cmake",
		"/usr/share/cmake-3.23/Modules/CMakeFindDependencyMacro.cmake",
		"/usr/lib/x86_64-linux-gnu/cmake/Qt5Gui/Qt5GuiConfigVersion.cmake",
		"/usr/lib/x86_64-linux-gnu/cmake/Qt5Gui/Qt5GuiConfig.cmake",
		"/usr/lib/x86_64-linux-gnu/cmake/Qt5Widgets/Qt5WidgetsConfigVersion.cmake",
		"/usr/lib/x86_64-linux-gnu/cmake/Qt5Widgets/Qt5WidgetsConfig.cmake",
		"/usr/share/cmake-3.23/Modules/FindX11.cmake",
		"/usr/share/cmake-3.23/Modules/FindFreetype.cmake",
		"/usr/share/cmake-3.23/Modules/SelectLibraryConfigurations.cmake",
		"/usr/share/cmake-3.23/Modules/FindPackageHandleStandardArgs.cmake",
		"/usr/share/cmake-3.23/Modules/FindPackageMessage.cmake",
		"/usr/share/cmake-3.23/Modules/FindFontconfig.cmake",
		"/usr/share/cmake-3.23/Modules/FindPkgConfig.cmake",
		"/usr/share/cmake-3.23/Modules/FindPackageHandleStandardArgs.cmake",
		"/usr/share/cmake-3.23/Modules/FindPackageMessage.cmake",
		"/usr/share/cmake-3.23/Modules/FindPackageHandleStandardArgs.cmake",
		"/usr/share/cmake-3.23/Modules/FindPackageMessage.cmake",
		"/usr/share/cmake-3.23/Modules/FindPackageHandleStandardArgs.cmake",
		"/usr/share/cmake-3.23/Modules/FindPackageMessage.cmake",
		"/usr/share/cmake-3.23/Modules/CheckFunctionExists.cmake",
		"/usr/share/cmake-3.23/Modules/CheckLibraryExists.cmake",
		"/usr/share/cmake-3.23/Modules/CheckFunctionExists.c",
		"/usr/share/cmake-3.23/Modules/CheckFunctionExists.c",
		"/usr/share/cmake-3.23/Modules/CheckFunctionExists.c",
		"/usr/share/cmake-3.23/Modules/CheckFunctionExists.c",
		"/usr/share/cmake-3.23/Modules/CheckFunctionExists.c",
		"/usr/share/cmake-3.23/Modules/CheckFunctionExists.c",
		"/usr/lib/x86_64-linux-gnu/cmake/KF5WindowSystem/KF5WindowSystemTargets.cmake",
		"/usr/lib/x86_64-linux-gnu/cmake/KF5WindowSystem/KF5WindowSystemTargets-debian.cmake",
		"/usr/lib/x86_64-linux-gnu/cmake/KF5WindowSystem/KF5WindowSystemQchTargets.cmake",
		"/usr/lib/x86_64-linux-gnu/cmake/KF5GuiAddons/KF5GuiAddonsConfigVersion.cmake",
		"/usr/lib/x86_64-linux-gnu/cmake/KF5GuiAddons/KF5GuiAddonsConfig.cmake",
		"/usr/share/cmake-3.23/Modules/CMakeFindDependencyMacro.cmake",
		"/usr/lib/x86_64-linux-gnu/cmake/Qt5Gui/Qt5GuiConfigVersion.cmake",
		"/usr/lib/x86_64-linux-gnu/cmake/Qt5Gui/Qt5GuiConfig.cmake",
		"/usr/lib/x86_64-linux-gnu/cmake/KF5GuiAddons/KF5GuiAddonsTargets.cmake",
		"/usr/lib/x86_64-linux-gnu/cmake/KF5GuiAddons/KF5GuiAddonsTargets-none.cmake",
		"/usr/lib/x86_64-linux-gnu/cmake/KF5GuiAddons/KF5GuiAddonsQchTargets.cmake",
		"/usr/share/cmake-3.23/Modules/FindX11.cmake",
		"/usr/share/cmake-3.23/Modules/FindFreetype.cmake",
		"/usr/share/cmake-3.23/Modules/FindPackageHandleStandardArgs.cmake",
		"/usr/share/cmake-3.23/Modules/FindPackageMessage.cmake",
		"/usr/share/cmake-3.23/Modules/FindFontconfig.cmake",
		"/usr/share/cmake-3.23/Modules/FindPkgConfig.cmake",
		"/usr/share/cmake-3.23/Modules/FindPackageHandleStandardArgs.cmake",
		"/usr/share/cmake-3.23/Modules/FindPackageMessage.cmake",
		"/usr/share/cmake-3.23/Modules/FindPackageHandleStandardArgs.cmake",
		"/usr/share/cmake-3.23/Modules/FindPackageMessage.cmake",
		"/usr/share/cmake-3.23/Modules/FindPackageHandleStandardArgs.cmake",
		"/usr/share/cmake-3.23/Modules/FindPackageMessage.cmake",
		"/usr/share/cmake-3.23/Modules/CheckFunctionExists.cmake",
		"/usr/share/cmake-3.23/Modules/CheckLibraryExists.cmake",
		"/usr/share/ECM/find-modules/FindXCB.cmake",
		"/usr/share/ECM/find-modules/ECMFindModuleHelpersStub.cmake",
		"/usr/share/ECM/modules/ECMFindModuleHelpers.cmake",
		"/usr/share/cmake-3.23/Modules/CMakeParseArguments.cmake",
		"/usr/share/cmake-3.23/Modules/FindPackageHandleStandardArgs.cmake",
		"/usr/share/cmake-3.23/Modules/FindPackageMessage.cmake",
		"/usr/share/cmake-3.23/Modules/FindPkgConfig.cmake",
		"/usr/share/cmake-3.23/Modules/FindPackageHandleStandardArgs.cmake",
		"/usr/share/cmake-3.23/Modules/FindPackageMessage.cmake",
		"/usr/share/cmake-3.23/Modules/FeatureSummary.cmake",
		"/usr/share/cmake-3.23/Modules/CPack.cmake",
		"/usr/share/cmake-3.23/Modules/CPackComponent.cmake",
		"/usr/share/cmake-3.23/Templates/CPackConfig.cmake.in",
		"/usr/share/cmake-3.23/Templates/CPackConfig.cmake.in"
	],
	"CMAKE_SOURCE_DIR" : "/home/daniel/KDE-Rounded-Corners",
	"DEP_FILE" : "",
	"DEP_FILE_RULE_NAME" : "",
	"HEADERS" : 
	[
		[
			"/home/daniel/KDE-Rounded-Corners/shapecorners_config.h",
			"Mu",
			"EWIEGA46WW/moc_shapecorners_config.cpp",
			null
		]
	],
	"HEADER_EXTENSIONS" : [ "h", "hh", "h++", "hm", "hpp", "hxx", "in", "txx" ],
	"INCLUDE_DIR" : "/home/daniel/KDE-Rounded-Corners/qt5build/kwin4_shapecorners_config_autogen/include",
	"MOC_COMPILATION_FILE" : "/home/daniel/KDE-Rounded-Corners/qt5build/kwin4_shapecorners_config_autogen/mocs_compilation.cpp",
	"MOC_DEFINITIONS" : 
	[
		"KCOREADDONS_LIB",
		"QT_CORE_LIB",
		"QT_DBUS_LIB",
		"QT_GUI_LIB",
		"QT_NO_DEBUG",
		"QT_WIDGETS_LIB",
		"QT_XML_LIB",
		"_GNU_SOURCE",
		"_LARGEFILE64_SOURCE",
		"kwin4_shapecorners_config_EXPORTS"
	],
	"MOC_DEPEND_FILTERS" : 
	[
		[
			"Q_PLUGIN_METADATA",
			"[\n][ \t]*Q_PLUGIN_METADATA[ \t]*\\([^\\)]*FILE[ \t]*\"([^\"]+)\""
		],
		[
			"K_PLUGIN_CLASS",
			"[\n^][ \t]*K_PLUGIN_CLASS[ \t\n]*\\([ \t\n]*\"([^\"]+)\""
		],
		[
			"K_PLUGIN_FACTORY_WITH_JSON",
			"[\n^][ \t]*K_PLUGIN_FACTORY_WITH_JSON[ \t\n]*\\([^,]*,[ \t\n]*\"([^\"]+)\""
		],
		[
			"K_PLUGIN_CLASS_WITH_JSON",
			"[\n^][ \t]*K_PLUGIN_CLASS_WITH_JSON[ \t\n]*\\([^,]*,[ \t\n]*\"([^\"]+)\""
		]
	],
	"MOC_INCLUDES" : 
	[
		"/home/daniel/KDE-Rounded-Corners/qt5build",
		"/home/daniel/KDE-Rounded-Corners",
		"/usr/include/x86_64-linux-gnu/qt5/QtX11Extras",
		"/usr/include/x86_64-linux-gnu/qt5/QtNetwork",
		"/usr/include/x86_64-linux-gnu/qt5/QtOpenGL",
		"/usr/include/x86_64-linux-gnu/qt5",
		"/usr/include/x86_64-linux-gnu/qt5/QtWidgets",
		"/usr/include/x86_64-linux-gnu/qt5/QtGui",
		"/usr/include/x86_64-linux-gnu/qt5/QtCore",
		"/usr/lib/x86_64-linux-gnu/qt5/mkspecs/linux-g++",
		"/usr/include/x86_64-linux-gnu/qt5/QtXml",
		"/usr/include/KF5/KConfigWidgets",
		"/usr/include/KF5",
		"/usr/include/KF5/KCodecs",
		"/usr/include/KF5/KWidgetsAddons",
		"/usr/include/KF5/KConfig",
		"/usr/include/KF5/KConfigGui",
		"/usr/include/KF5/KConfigCore",
		"/usr/include/KF5/KAuthWidgets",
		"/usr/include/KF5/KAuthCore",
		"/usr/include/KF5/KAuth",
		"/usr/include/KF5/KCoreAddons",
		"/usr/include/KF5/KWindowSystem",
		"/usr/include/KF5/KI18n",
		"/usr/include/KF5/KGlobalAccel",
		"/usr/include/x86_64-linux-gnu/qt5/QtDBus",
		"/usr/include",
		"/usr/include/c++/11",
		"/usr/include/x86_64-linux-gnu/c++/11",
		"/usr/include/c++/11/backward",
		"/usr/lib/gcc/x86_64-linux-gnu/11/include",
		"/usr/local/include",
		"/usr/include/x86_64-linux-gnu"
	],
	"MOC_MACRO_NAMES" : 
	[
		"Q_OBJECT",
		"Q_GADGET",
		"Q_NAMESPACE",
		"Q_NAMESPACE_EXPORT",
		"K_PLUGIN_FACTORY",
		"K_PLUGIN_CLASS",
		"K_PLUGIN_FACTORY_WITH_JSON",
		"K_PLUGIN_CLASS_WITH_JSON"
	],
	"MOC_OPTIONS" : [],
	"MOC_PATH_PREFIX" : false,
	"MOC_PREDEFS_CMD" : 
	[
		"/usr/bin/c++",
		"-dM",
		"-E",
		"-c",
		"/usr/share/cmake-3.23/Modules/CMakeCXXCompilerABI.cpp"
	],
	"MOC_PREDEFS_FILE" : "/home/daniel/KDE-Rounded-Corners/qt5build/kwin4_shapecorners_config_autogen/moc_predefs.h",
	"MOC_RELAXED_MODE" : false,
	"MOC_SKIP" : 
	[
		"/home/daniel/KDE-Rounded-Corners/qt5build/kwin4_effect_shapecorners_autogen/mocs_compilation.cpp",
		"/home/daniel/KDE-Rounded-Corners/qt5build/kwineffects_interface.cpp",
		"/home/daniel/KDE-Rounded-Corners/qt5build/kwineffects_interface.h",
		"/home/daniel/KDE-Rounded-Corners/qt5build/ui_shapecorners_config.h"
	],
	"MULTI_CONFIG" : false,
	"PARALLEL" : 8,
	"PARSE_CACHE_FILE" : "/home/daniel/KDE-Rounded-Corners/qt5build/CMakeFiles/kwin4_shapecorners_config_autogen.dir/ParseCache.txt",
	"QT_MOC_EXECUTABLE" : "/usr/lib/qt5/bin/moc",
	"QT_UIC_EXECUTABLE" : "",
	"QT_VERSION_MAJOR" : 5,
	"QT_VERSION_MINOR" : 15,
	"SETTINGS_FILE" : "/home/daniel/KDE-Rounded-Corners/qt5build/CMakeFiles/kwin4_shapecorners_config_autogen.dir/AutogenUsed.txt",
	"SOURCES" : 
	[
		[
			"/home/daniel/KDE-Rounded-Corners/shapecorners_config.cpp",
			"Mu",
			null
		]
	],
	"VERBOSITY" : 0
}
