{
    "KPlugin": {
        "Authors": [
            {
                "Email": "therealestrob@gmail.com",
                "Name": "Rob"
            }
        ],
        "Category": "Appearance",
        "Description": "An effect that shapes/rounds corners of windows.",
        "EnabledByDefault": true,
        "Id": "kwin4_effect_shapecorners",
        "License": "GPL",
        "Name": "ShapeCorners",
        "Version": "git"
    },
    "org.kde.kwin.effect": {
        "video": "",
        "exclusiveGroup": "",
        "enabledByDefaultMethod": true
    },
    "X-KDE-Ordering": "5",
    "X-KDE-ConfigModule": "kwin4_shapecorners_config"
}
